id,country,speaker_bloc,stance_china_1,stance_china_2,agree_china,stance_us_1,stance_us_2,agree_us,note
PS-0023,PER,LatAm executive,not_mentioned,not_mentioned,1,not_mentioned,not_mentioned,1,
PS-0032,REG,United States,negative,negative,1,positive,not_mentioned,0,
PS-0037,MEX,LatAm legislature,not_mentioned,not_mentioned,1,not_mentioned,not_mentioned,1,
PS-0055,PER,China,positive,positive,1,not_mentioned,not_mentioned,1,
PS-0068,BOL,LatAm executive,not_mentioned,not_mentioned,1,negative,negative,1,
PS-0083,MEX,"Other (business, civil society, third countries)",not_mentioned,not_mentioned,1,not_mentioned,not_mentioned,1,
PS-0096,ARG,LatAm executive,not_mentioned,not_mentioned,1,not_mentioned,not_mentioned,1,
PS-0098,COL,LatAm executive,not_mentioned,not_mentioned,1,not_mentioned,not_mentioned,1,
PS-0132,ARG,LatAm executive,not_mentioned,not_mentioned,1,not_mentioned,not_mentioned,1,
PS-0165,PER,LatAm legislature,not_mentioned,not_mentioned,1,not_mentioned,not_mentioned,1,
PS-0172,BOL,LatAm state company,positive,positive,1,not_mentioned,not_mentioned,1,
PS-0177,BOL,LatAm legislature,not_mentioned,not_mentioned,1,not_mentioned,not_mentioned,1,
PS-0183,CHL,LatAm party/candidate,not_mentioned,not_mentioned,1,not_mentioned,not_mentioned,1,
PS-0192,REG,China,positive,positive,1,not_mentioned,not_mentioned,1,
PS-0193,CHL,China,positive,positive,1,not_mentioned,not_mentioned,1,
PS-0195,BOL,LatAm judiciary,not_mentioned,not_mentioned,1,not_mentioned,not_mentioned,1,
PS-0202,ECU,LatAm executive,neutral,not_mentioned,0,not_mentioned,not_mentioned,1,
PS-0203,CHL,LatAm legislature,not_mentioned,not_mentioned,1,not_mentioned,not_mentioned,1,
PS-0212,CHL,LatAm executive,not_mentioned,not_mentioned,1,neutral,neutral,1,
PS-0217,CHL,LatAm state company,not_mentioned,not_mentioned,1,neutral,neutral,1,
PS-0220,ARG,China,positive,positive,1,negative,negative,1,
PS-0229,BRA,LatAm executive,neutral,neutral,1,not_mentioned,not_mentioned,1,
PS-0240,ARG,United States,negative,negative,1,positive,not_mentioned,0,
PS-0251,PER,LatAm executive,not_mentioned,not_mentioned,1,not_mentioned,not_mentioned,1,
PS-0252,ARG,United States,negative,negative,1,positive,positive,1,
PS-0277,MEX,LatAm executive,not_mentioned,not_mentioned,1,positive,positive,1,
PS-0288,MEX,LatAm executive,not_mentioned,not_mentioned,1,positive,mixed,0,
PS-0300,ECU,United States,neutral,neutral,1,positive,positive,1,
PS-0306,BRA,LatAm executive,not_mentioned,not_mentioned,1,not_mentioned,not_mentioned,1,
PS-0313,CHL,United States,negative,not_mentioned,0,positive,positive,1,
PS-0318,BRA,United States,not_mentioned,not_mentioned,1,positive,positive,1,
PS-0330,ARG,LatAm legislature,not_mentioned,not_mentioned,1,not_mentioned,not_mentioned,1,
PS-0334,BRA,LatAm party/candidate,not_mentioned,not_mentioned,1,negative,negative,1,
PS-0344,BOL,LatAm executive,not_mentioned,not_mentioned,1,not_mentioned,not_mentioned,1,
PS-0354,REG,United States,negative,negative,1,positive,neutral,0,
PS-0355,BOL,"Other (business, civil society, third countries)",not_mentioned,not_mentioned,1,negative,negative,1,
PS-0371,CHL,LatAm executive,not_mentioned,not_mentioned,1,not_mentioned,not_mentioned,1,
PS-0374,BRA,LatAm legislature,not_mentioned,not_mentioned,1,not_mentioned,not_mentioned,1,
PS-0383,PER,United States,negative,negative,1,positive,not_mentioned,0,
PS-0390,PAN,LatAm executive,not_mentioned,not_mentioned,1,not_mentioned,not_mentioned,1,
